{
  "state": "+",
  "expectations": {
    "X": 1.0,
    "Y": 0.044,
    "Z": 0.008
  },
  "fidelity": 0.9999999999999978,
  "trace_distance": 0.02236067977499789,
  "measurement_model": "Pauli XYZ",
  "shots": 1000
}