{
  "state": "-",
  "expectations": {
    "X": -1.0,
    "Y": 0.008,
    "Z": -0.012
  },
  "fidelity": 1.0000000125303306,
  "trace_distance": 0.0072111025509279825,
  "measurement_model": "Pauli XYZ",
  "shots": 1000
}